,xۍH,fʖ,TD,STA,xۊԊu,xې@,t,ۯĐ,ۯĒ,H,,,,,
,,,(m),,(m),(mm),(mm),,(m),(mm),,,,,
0,B-2(fMނj,Wf,0.000,STA654+82.000,1.000,200,250,8,4.000,420
1,B-2(fMނj,Wf,1.000,STA654+81.000,1.000,200,250,8,4.000,420
2,B-2(fMނj,Wf,2.000,STA654+80.000,1.000,200,250,8,4.000,420
3,B-2(fMނj,Wf,3.000,STA654+79.000,1.000,200,250,8,4.000,420
4,B-2(fMނj,Wf,4.000,STA654+78.000,1.000,200,250,8,4.000,420
5,B-2(fMނj,Wf,5.000,STA654+77.000,1.000,200,250,8,4.000,420
6,B-2(fMނj,Wf,6.000,STA654+76.000,1.000,200,250,8,4.000,420
7,B-2(fMނj,Wf,7.000,STA654+75.000,1.000,200,250,8,4.000,420
8,B-2(fMނj,Wf,8.000,STA654+74.000,1.000,200,250,8,4.000,420
9,B-2(fMނj,Wf,9.000,STA654+73.000,1.000,200,250,8,4.000,420
10,B-2(fMނj,Wf,10.000,STA654+72.000,1.000,200,250,8,4.000,420
11,B-2(fMނj,Wf,11.000,STA654+71.000,1.000,200,250,8,4.000,420
12,B-2(fMނj,Wf,12.000,STA654+70.000,1.000,200,250,8,4.000,420
13,B-2(fMނj,Wf,13.000,STA654+69.000,1.000,200,250,8,4.000,420
14,B-2(fMނj,Wf,14.000,STA654+68.000,1.000,200,250,8,4.000,420
15,B-2(fMނj,Wf,15.000,STA654+67.000,1.000,200,250,8,4.000,420
16,B-2(fMނj,Wf,16.000,STA654+66.000,1.000,200,250,8,4.000,420
17,B-2(fMނj,Wf,17.000,STA654+65.000,1.000,200,250,8,4.000,420
18,B-2(fMނj,Wf,18.000,STA654+64.000,1.000,200,250,8,4.000,420
19,B-2(fMނj,Wf,19.000,STA654+63.000,1.000,200,250,8,4.000,420
20,B-2(fMނj,Wf,20.000,STA654+62.000,1.000,200,250,8,4.000,420
21,B-2(fMނj,Wf,21.000,STA654+61.000,1.000,200,250,8,4.000,420
22,B-2(fMނj,Wf,22.000,STA654+60.000,1.000,200,250,8,4.000,420
23,B-2(fMނj,Wf,23.000,STA654+59.000,1.000,200,250,8,4.000,420
24,B-2(fMނj,Wf,24.000,STA654+58.000,1.000,200,250,8,4.000,420
25,B-2(fMނj,Wf,25.000,STA654+57.000,1.000,200,250,8,4.000,420
26,B-2(fMނj,Wf,26.000,STA654+56.000,1.000,200,250,8,4.000,420
27,B-2(fMނj,Wf,27.000,STA654+55.000,1.000,200,250,8,4.000,420
28,B-2(fMނj,Wf,28.000,STA654+54.000,1.000,200,250,8,4.000,420
29,B-2(fMނj,Wf,29.000,STA654+53.000,1.000,200,250,8,4.000,420
30,B-2(fMނj,Wf,30.000,STA654+52.000,1.000,200,250,8,4.000,420
31,B-2(fMނj,Wf,31.000,STA654+51.000,1.000,200,250,8,4.000,420
32,B-2(fMނj,Wf,31.900,STA654+50.100,0.900,200,250,8,4.000,420
33,cT(fMނj,Wf,32.938,STA654+49.062,1.038,125,150,18,4.000,370
34,cT(fMނj,Wf,33.938,STA654+48.062,1.000,125,150,18,4.000,370
35,cT(fMނj,Wf,34.938,STA654+47.062,1.000,125,150,18,4.000,370
36,cT(fMނj,Wf,35.938,STA654+46.062,1.000,125,150,18,4.000,370
37,cT(fMނj,Wf,36.938,STA654+45.062,1.000,125,150,18,4.000,370
38,cT(fMނj,Wf,37.938,STA654+44.062,1.000,125,150,18,4.000,370
39,cT(fMނj,Wf,38.938,STA654+43.062,1.000,125,150,18,4.000,370
40,cT(fMނj,Wf,39.938,STA654+42.062,1.000,125,150,18,4.000,370
41,cT(fMނj,Wf,40.938,STA654+41.062,1.000,125,150,18,4.000,370
42,cT(fMނj,Wf,41.938,STA654+40.062,1.000,125,150,18,4.000,370
43,cT(fMނj,Wf,42.938,STA654+39.062,1.000,125,150,18,4.000,370
44,cT(fMނj,Wf,43.938,STA654+38.062,1.000,125,150,18,4.000,370
45,cT(fMނj,Wf,44.938,STA654+37.062,1.000,125,150,18,4.000,370
46,cT(fMނj,Wf,45.938,STA654+36.062,1.000,125,150,18,4.000,370
47,cT(fMނj,Wf,46.938,STA654+35.062,1.000,125,150,18,4.000,370
48,cU(fMނ),Wf,47.925,STA654+34.075,0.987,150,200,18,4.000,370
49,cU(fMނ),Wf,48.925,STA654+33.075,1.000,150,200,18,4.000,370
50,cU(fMނ),Wf,49.925,STA654+32.075,1.000,150,200,18,4.000,370
51,cU(fMނ),Wf,50.925,STA654+31.075,1.000,150,200,18,4.000,370
52,cU(fMނ),Wf,51.925,STA654+30.075,1.000,150,200,18,4.000,370
53,cU(fMނ),Wf,52.925,STA654+29.075,1.000,150,200,18,4.000,370
54,cU(fMނ),Wf,53.925,STA654+28.075,1.000,150,200,18,4.000,370
55,cU(fMނ),Wf,54.925,STA654+27.075,1.000,150,200,18,4.000,370
56,cU(fMނ),Wf,55.925,STA654+26.075,1.000,150,200,18,4.000,370
57,cU(fMނ),Wf,56.925,STA654+25.075,1.000,150,200,18,4.000,370
58,cU(fMނ),Wf,57.925,STA654+24.075,1.000,150,200,18,4.000,370
59,cU(fMނ),Wf,58.925,STA654+23.075,1.000,150,200,18,4.000,370
60,cU(fMނ),Wf,59.925,STA654+22.075,1.000,150,200,18,4.000,370
61,cU(fMނ),Wf,60.925,STA654+21.075,1.000,150,200,18,4.000,370
62,cU(fMނ),Wf,61.925,STA654+20.075,1.000,150,200,18,4.000,370
63,cU(fMނ),Wf,62.925,STA654+19.075,1.000,150,200,18,4.000,370
64,cU(fMނ),Wf,63.925,STA654+18.075,1.000,150,200,18,4.000,370
65,cU(fMނ),Wf,64.925,STA654+17.075,1.000,150,200,18,4.000,370
66,cU(fMނ),Wf,65.925,STA654+16.075,1.000,150,200,18,4.000,370
67,cU(fMނ),Wf,66.925,STA654+15.075,1.000,150,200,18,4.000,370
68,cU(fMނ),Wf,67.925,STA654+14.075,1.000,150,200,18,4.000,370
69,cU(fMނ),Wf,68.925,STA654+13.075,1.000,150,200,18,4.000,370
70,cU(fMނ),Wf,69.925,STA654+12.075,1.000,150,200,18,4.000,370
71,cU(fMނ),Wf,70.925,STA654+11.075,1.000,150,200,18,4.000,370
72,cU(fMނ),Wf,71.925,STA654+10.075,1.000,150,200,18,4.000,370
73,cT(fMނj,Wf,72.938,STA654+9.062,1.013,125,150,18,4.000,370
74,cT(fMނj,Wf,73.938,STA654+8.062,1.000,125,150,18,4.000,370
75,cT(fMނj,Wf,74.938,STA654+7.062,1.000,125,150,18,4.000,370
76,cT(fMނj,Wf,75.938,STA654+6.062,1.000,125,150,18,4.000,370
77,cT(fMނj,Wf,76.938,STA654+5.062,1.000,125,150,18,4.000,370
78,cT(fMނj,Wf,77.938,STA654+4.062,1.000,125,150,18,4.000,370
79,cT(fMނj,Wf,78.938,STA654+3.062,1.000,125,150,18,4.000,370
80,cT(fMނj,Wf,79.938,STA654+2.062,1.000,125,150,18,4.000,370
81,cT(fMނj,Wf,80.938,STA654+1.062,1.000,125,150,18,4.000,370
82,cT(fMނj,Wf,81.938,STA654+0.062,1.000,125,150,18,4.000,370
83,cT(fMނj,Wf,82.938,STA653+99.062,1.000,125,150,18,4.000,370
84,cT(fMނj,Wf,83.938,STA653+98.062,1.000,125,150,18,4.000,370
85,cT(fMނj,Wf,84.938,STA653+97.062,1.000,125,150,18,4.000,370
86,cT(fMނj,Wf,85.938,STA653+96.062,1.000,125,150,18,4.000,370
87,cT(fMނj,Wf,86.938,STA653+95.062,1.000,125,150,18,4.000,370
88,cT(fMނj,Wf,87.938,STA653+94.062,1.000,125,150,18,4.000,370
89,cT(fMނj,Wf,88.938,STA653+93.062,1.000,125,150,18,4.000,370
90,cT(fMނj,Wf,89.938,STA653+92.062,1.000,125,150,18,4.000,370
91,cT(fMނj,Wf,90.938,STA653+91.062,1.000,125,150,18,4.000,370
92,cT(fMނj,Wf,91.938,STA653+90.062,1.000,125,150,18,4.000,370
93,cT(fMނj,Wf,92.938,STA653+89.062,1.000,125,150,18,4.000,370
94,cT(fMނj,Wf,93.938,STA653+88.062,1.000,125,150,18,4.000,370
95,cT,Wf,95.000,STA653+87.000,1.062,125,150,18,4.000,300
96,cT,Wf,96.000,STA653+86.000,1.000,125,150,18,4.000,300
97,cT,Wf,97.000,STA653+85.000,1.000,125,150,18,4.000,300
98,cT,Wf,98.000,STA653+84.000,1.000,125,150,18,4.000,300
99,cT,Wf,99.000,STA653+83.000,1.000,125,150,18,4.000,300
100,cT,Wf,100.000,STA653+82.000,1.000,125,150,18,4.000,300
101,cT,Wf,101.000,STA653+81.000,1.000,125,150,18,4.000,300
102,cT,Wf,102.000,STA653+80.000,1.000,125,150,18,4.000,300
103,cT,Wf,103.000,STA653+79.000,1.000,125,150,18,4.000,300
104,cT,Wf,104.000,STA653+78.000,1.000,125,150,18,4.000,300
105,cT,Wf,105.000,STA653+77.000,1.000,125,150,18,4.000,300
106,cT,Wf,106.000,STA653+76.000,1.000,125,150,18,4.000,300
107,cT,Wf,107.000,STA653+75.000,1.000,125,150,18,4.000,300
108,cT,Wf,108.000,STA653+74.000,1.000,125,150,18,4.000,300
109,cT,Wf,109.000,STA653+73.000,1.000,125,150,18,4.000,300
110,cT,Wf,110.000,STA653+72.000,1.000,125,150,18,4.000,300
111,cT,Wf,111.000,STA653+71.000,1.000,125,150,18,4.000,300
112,cT,Wf,112.000,STA653+70.000,1.000,125,150,18,4.000,300
113,cT,Wf,113.000,STA653+69.000,1.000,125,150,18,4.000,300
114,cT,Wf,114.000,STA653+68.000,1.000,125,150,18,4.000,300
115,cT,Wf,115.000,STA653+67.000,1.000,125,150,18,4.000,300
116,cT,Wf,116.000,STA653+66.000,1.000,125,150,18,4.000,300
117,cT,Wf,117.000,STA653+65.000,1.000,125,150,18,4.000,300
118,cT,Wf,118.000,STA653+64.000,1.000,125,150,18,4.000,300
119,cT,Wf,119.000,STA653+63.000,1.000,125,150,18,4.000,300
120,cT,Wf,120.000,STA653+62.000,1.000,125,150,18,4.000,300
121,cT,Wf,121.000,STA653+61.000,1.000,125,150,18,4.000,300
122,cT,Wf,122.000,STA653+60.000,1.000,125,150,18,4.000,300
123,cT,Wf,123.000,STA653+59.000,1.000,125,150,18,4.000,300
124,cT,Wf,124.000,STA653+58.000,1.000,125,150,18,4.000,300
125,cT,Wf,125.000,STA653+57.000,1.000,125,150,18,4.000,300
126,cT,Wf,126.000,STA653+56.000,1.000,125,150,18,4.000,300
127,cT,Wf,127.000,STA653+55.000,1.000,125,150,18,4.000,300
128,cT,Wf,128.000,STA653+54.000,1.000,125,150,18,4.000,300
129,cT,Wf,129.000,STA653+53.000,1.000,125,150,18,4.000,300
130,cT,Wf,130.000,STA653+52.000,1.000,125,150,18,4.000,300
131,cT,Wf,131.000,STA653+51.000,1.000,125,150,18,4.000,300
132,cT,Wf,132.000,STA653+50.000,1.000,125,150,18,4.000,300
133,cT,Wf,133.000,STA653+49.000,1.000,125,150,18,4.000,300
134,cT,Wf,134.000,STA653+48.000,1.000,125,150,18,4.000,300
135,cT,Wf,135.000,STA653+47.000,1.000,125,150,18,4.000,300
136,cT,Wf,136.000,STA653+46.000,1.000,125,150,18,4.000,300
137,cT,Wf,137.000,STA653+45.000,1.000,125,150,18,4.000,300
138,cT,Wf,138.000,STA653+44.000,1.000,125,150,18,4.000,300
139,cT,Wf,139.000,STA653+43.000,1.000,125,150,18,4.000,300
140,cT,Wf,140.000,STA653+42.000,1.000,125,150,18,4.000,300
141,cT,Wf,141.000,STA653+41.000,1.000,125,150,18,4.000,300
142,cT,Wf,142.000,STA653+40.000,1.000,125,150,18,4.000,300
143,cT,Wf,143.000,STA653+39.000,1.000,125,150,18,4.000,300
144,cT,Wf,144.000,STA653+38.000,1.000,125,150,18,4.000,300
145,cT,Wf,145.000,STA653+37.000,1.000,125,150,18,4.000,300
146,cT,Wf,146.000,STA653+36.000,1.000,125,150,18,4.000,300
147,cT,Wf,147.000,STA653+35.000,1.000,125,150,18,4.000,300
148,cT,Wf,148.000,STA653+34.000,1.000,125,150,18,4.000,300
149,cT,Wf,149.000,STA653+33.000,1.000,125,150,18,4.000,300
150,cT,Wf,150.000,STA653+32.000,1.000,125,150,18,4.000,300
151,cT,Wf,151.000,STA653+31.000,1.000,125,150,18,4.000,300
152,cT,Wf,152.000,STA653+30.000,1.000,125,150,18,4.000,300
153,cT,Wf,153.000,STA653+29.000,1.000,125,150,18,4.000,300
154,cT,Wf,154.000,STA653+28.000,1.000,125,150,18,4.000,300
155,cT,Wf,155.000,STA653+27.000,1.000,125,150,18,4.000,300
156,cT,Wf,156.000,STA653+26.000,1.000,125,150,18,4.000,300
157,cT,Wf,157.000,STA653+25.000,1.000,125,150,18,4.000,300
158,cT,Wf,158.000,STA653+24.000,1.000,125,150,18,4.000,300
159,cT,Wf,159.000,STA653+23.000,1.000,125,150,18,4.000,300
160,cT,Wf,160.000,STA653+22.000,1.000,125,150,18,4.000,300
161,cT,Wf,161.000,STA653+21.000,1.000,125,150,18,4.000,300
162,cT,Wf,162.000,STA653+20.000,1.000,125,150,18,4.000,300
163,cT,Wf,163.000,STA653+19.000,1.000,125,150,18,4.000,300
164,cT,Wf,164.000,STA653+18.000,1.000,125,150,18,4.000,300
165,cT,Wf,165.000,STA653+17.000,1.000,125,150,18,4.000,300
166,cT,Wf,166.000,STA653+16.000,1.000,125,150,18,4.000,300
167,cT,Wf,167.000,STA653+15.000,1.000,125,150,18,4.000,300
168,cT,Wf,168.000,STA653+14.000,1.000,125,150,18,4.000,300
169,cT,Wf,169.000,STA653+13.000,1.000,125,150,18,4.000,300
170,cT,Wf,170.000,STA653+12.000,1.000,125,150,18,4.000,300
171,cT,Wf,171.000,STA653+11.000,1.000,125,150,18,4.000,300
172,cT,Wf,172.000,STA653+10.000,1.000,125,150,18,4.000,300
173,cT,Wf,173.000,STA653+9.000,1.000,125,150,18,4.000,300
174,cT,Wf,174.000,STA653+8.000,1.000,125,150,18,4.000,300
175,cT,Wf,175.000,STA653+7.000,1.000,125,150,18,4.000,300
176,cT,Wf,176.000,STA653+6.000,1.000,125,150,18,4.000,300
177,cT,Wf,177.000,STA653+5.000,1.000,125,150,18,4.000,300
178,cT,Wf,178.000,STA653+4.000,1.000,125,150,18,4.000,300
179,cT,Wf,179.000,STA653+3.000,1.000,125,150,18,4.000,300
180,cT,Wf,180.000,STA653+2.000,1.000,125,150,18,4.000,300
181,cT,Wf,181.000,STA653+1.000,1.000,125,150,18,4.000,300
182,cT,Wf,182.000,STA653+0.000,1.000,125,150,18,4.000,300
183,cT,Wf,183.000,STA652+99.000,1.000,125,150,18,4.000,300
184,cT,Wf,184.000,STA652+98.000,1.000,125,150,18,4.000,300
185,cT,Wf,185.000,STA652+97.000,1.000,125,150,18,4.000,300
186,cT,Wf,186.000,STA652+96.000,1.000,125,150,18,4.000,300
187,cT,Wf,187.000,STA652+95.000,1.000,125,150,18,4.000,300
188,cT,Wf,188.000,STA652+94.000,1.000,125,150,18,4.000,300
189,cT,Wf,189.000,STA652+93.000,1.000,125,150,18,4.000,300
190,cT,Wf,190.000,STA652+92.000,1.000,125,150,18,4.000,300
191,cT,Wf,191.000,STA652+91.000,1.000,125,150,18,4.000,300
192,cT,Wf,192.000,STA652+90.000,1.000,125,150,18,4.000,300
193,cT,Wf,193.000,STA652+89.000,1.000,125,150,18,4.000,300
194,cT,Wf,194.000,STA652+88.000,1.000,125,150,18,4.000,300
195,cT,Wf,195.000,STA652+87.000,1.000,125,150,18,4.000,300
196,cT,Wf,196.000,STA652+86.000,1.000,125,150,18,4.000,300
197,cT,Wf,197.000,STA652+85.000,1.000,125,150,18,4.000,300
198,cT,Wf,198.000,STA652+84.000,1.000,125,150,18,4.000,300
199,cT,Wf,199.000,STA652+83.000,1.000,125,150,18,4.000,300
200,cT,Wf,200.000,STA652+82.000,1.000,125,150,18,4.000,300
201,cT,Wf,201.000,STA652+81.000,1.000,125,150,18,4.000,300
202,cT,Wf,202.000,STA652+80.000,1.000,125,150,18,4.000,300
203,cT,Wf,203.000,STA652+79.000,1.000,125,150,18,4.000,300
204,cT,Wf,204.000,STA652+78.000,1.000,125,150,18,4.000,300
205,cT,Wf,205.000,STA652+77.000,1.000,125,150,18,4.000,300
206,cT,Wf,206.000,STA652+76.000,1.000,125,150,18,4.000,300
207,cT,Wf,207.000,STA652+75.000,1.000,125,150,18,4.000,300
208,cT,Wf,208.000,STA652+74.000,1.000,125,150,18,4.000,300
209,cT,Wf,209.000,STA652+73.000,1.000,125,150,18,4.000,300
210,cT,Wf,210.000,STA652+72.000,1.000,125,150,18,4.000,300
211,cT,Wf,211.000,STA652+71.000,1.000,125,150,18,4.000,300
212,cT,Wf,212.000,STA652+70.000,1.000,125,150,18,4.000,300
213,cT,Wf,213.000,STA652+69.000,1.000,125,150,18,4.000,300
214,cT,Wf,214.000,STA652+68.000,1.000,125,150,18,4.000,300
215,cT,Wf,215.000,STA652+67.000,1.000,125,150,18,4.000,300
216,cT,Wf,216.000,STA652+66.000,1.000,125,150,18,4.000,300
217,cT,Wf,217.000,STA652+65.000,1.000,125,150,18,4.000,300
218,cT,Wf,218.000,STA652+64.000,1.000,125,150,18,4.000,300
219,cT,Wf,219.000,STA652+63.000,1.000,125,150,18,4.000,300
220,cT,Wf,220.000,STA652+62.000,1.000,125,150,18,4.000,300
221,cT,Wf,221.000,STA652+61.000,1.000,125,150,18,4.000,300
222,cT,Wf,222.000,STA652+60.000,1.000,125,150,18,4.000,300
223,cT,Wf,223.000,STA652+59.000,1.000,125,150,18,4.000,300
224,cT,Wf,224.000,STA652+58.000,1.000,125,150,18,4.000,300
225,cT,Wf,225.000,STA652+57.000,1.000,125,150,18,4.000,300
226,cT,Wf,226.000,STA652+56.000,1.000,125,150,18,4.000,300
227,cT,Wf,227.000,STA652+55.000,1.000,125,150,18,4.000,300
228,cT,Wf,228.000,STA652+54.000,1.000,125,150,18,4.000,300
229,cT,Wf,229.000,STA652+53.000,1.000,125,150,18,4.000,300
230,bU,Wf,230.200,STA652+51.800,1.200,125,100,14,3.000,300
231,bU,Wf,231.400,STA652+50.600,1.200,125,100,14,3.000,300
232,bU,Wf,232.600,STA652+49.400,1.200,125,100,14,3.000,300
233,bU,Wf,233.800,STA652+48.200,1.200,125,100,14,3.000,300
234,bU,Wf,235.000,STA652+47.000,1.200,125,100,14,3.000,300
235,bU,Wf,236.200,STA652+45.800,1.200,125,100,14,3.000,300
236,bU,Wf,237.400,STA652+44.600,1.200,125,100,14,3.000,300
237,bU,Wf,238.600,STA652+43.400,1.200,125,100,14,3.000,300
238,bU,Wf,239.800,STA652+42.200,1.200,125,100,14,3.000,300
239,bU,Wf,241.000,STA652+41.000,1.200,125,100,14,3.000,300
240,bU,Wf,242.200,STA652+39.800,1.200,125,100,14,3.000,300
241,bU,Wf,243.400,STA652+38.600,1.200,125,100,14,3.000,300
242,bU,Wf,244.600,STA652+37.400,1.200,125,100,14,3.000,300
243,bU,Wf,245.800,STA652+36.200,1.200,125,100,14,3.000,300
244,bU,Wf,247.000,STA652+35.000,1.200,125,100,14,3.000,300
245,bU,Wf,248.200,STA652+33.800,1.200,125,100,14,3.000,300
246,bU,Wf,249.400,STA652+32.600,1.200,125,100,14,3.000,300
247,bU,Wf,250.600,STA652+31.400,1.200,125,100,14,3.000,300
248,bU,Wf,251.800,STA652+30.200,1.200,125,100,14,3.000,300
249,bU,Wf,253.000,STA652+29.000,1.200,125,100,14,3.000,300
250,bU,Wf,254.200,STA652+27.800,1.200,125,100,14,3.000,300
251,bU,Wf,255.400,STA652+26.600,1.200,125,100,14,3.000,300
252,bU,Wf,256.600,STA652+25.400,1.200,125,100,14,3.000,300
253,bU,Wf,257.800,STA652+24.200,1.200,125,100,14,3.000,300
254,bU,Wf,259.000,STA652+23.000,1.200,125,100,14,3.000,300
255,bU,Wf,260.200,STA652+21.800,1.200,125,100,14,3.000,300
256,bU,Wf,261.400,STA652+20.600,1.200,125,100,14,3.000,300
257,bU,Wf,262.600,STA652+19.400,1.200,125,100,14,3.000,300
258,bU,Wf,263.800,STA652+18.200,1.200,125,100,14,3.000,300
259,bU,Wf,265.000,STA652+17.000,1.200,125,100,14,3.000,300
260,bU,Wf,266.200,STA652+15.800,1.200,125,100,14,3.000,300
261,bU,Wf,267.400,STA652+14.600,1.200,125,100,14,3.000,300
262,bU,Wf,268.600,STA652+13.400,1.200,125,100,14,3.000,300
263,bU,Wf,269.800,STA652+12.200,1.200,125,100,14,3.000,300
264,bU,Wf,271.000,STA652+11.000,1.200,125,100,14,3.000,300
265,bU,Wf,272.200,STA652+9.800,1.200,125,100,14,3.000,300
266,bU,Wf,273.400,STA652+8.600,1.200,125,100,14,3.000,300
267,bU,Wf,274.600,STA652+7.400,1.200,125,100,14,3.000,300
268,bU,Wf,275.800,STA652+6.200,1.200,125,100,14,3.000,300
269,bU,Wf,277.000,STA652+5.000,1.200,125,100,14,3.000,300
270,bU,Wf,278.200,STA652+3.800,1.200,125,100,14,3.000,300
271,bU,Wf,279.400,STA652+2.600,1.200,125,100,14,3.000,300
272,bU,Wf,280.600,STA652+1.400,1.200,125,100,14,3.000,300
273,bU,Wf,281.800,STA652+0.200,1.200,125,100,14,3.000,300
274,bU,Wf,283.000,STA651+99.000,1.200,125,100,14,3.000,300
275,bU,Wf,284.200,STA651+97.800,1.200,125,100,14,3.000,300
276,bU,Wf,285.400,STA651+96.600,1.200,125,100,14,3.000,300
277,bU,Wf,286.600,STA651+95.400,1.200,125,100,14,3.000,300
278,bU,Wf,287.800,STA651+94.200,1.200,125,100,14,3.000,300
279,bU,Wf,289.000,STA651+93.000,1.200,125,100,14,3.000,300
280,bU,Wf,290.200,STA651+91.800,1.200,125,100,14,3.000,300
281,bU,Wf,291.400,STA651+90.600,1.200,125,100,14,3.000,300
282,bU,Wf,292.600,STA651+89.400,1.200,125,100,14,3.000,300
283,bU,Wf,293.800,STA651+88.200,1.200,125,100,14,3.000,300
284,bU,Wf,295.000,STA651+87.000,1.200,125,100,14,3.000,300
285,bU,Wf,296.200,STA651+85.800,1.200,125,100,14,3.000,300
286,bU,Wf,297.400,STA651+84.600,1.200,125,100,14,3.000,300
287,bU,Wf,298.600,STA651+83.400,1.200,125,100,14,3.000,300
288,bU,Wf,299.800,STA651+82.200,1.200,125,100,14,3.000,300
289,bU,Wf,301.000,STA651+81.000,1.200,125,100,14,3.000,300
290,bU,Wf,302.200,STA651+79.800,1.200,125,100,14,3.000,300
291,bU,Wf,303.400,STA651+78.600,1.200,125,100,14,3.000,300
292,bU,Wf,304.600,STA651+77.400,1.200,125,100,14,3.000,300
293,bU,Wf,305.800,STA651+76.200,1.200,125,100,14,3.000,300
294,bU,Wf,307.000,STA651+75.000,1.200,125,100,14,3.000,300
295,bU,Wf,308.200,STA651+73.800,1.200,125,100,14,3.000,300
296,bU,Wf,309.400,STA651+72.600,1.200,125,100,14,3.000,300
297,bU,Wf,310.600,STA651+71.400,1.200,125,100,14,3.000,300
298,bU,Wf,311.800,STA651+70.200,1.200,125,100,14,3.000,300
299,bU,Wf,313.000,STA651+69.000,1.200,125,100,14,3.000,300
300,bU,Wf,314.200,STA651+67.800,1.200,125,100,14,3.000,300
301,bU,Wf,315.400,STA651+66.600,1.200,125,100,14,3.000,300
302,bU,Wf,316.600,STA651+65.400,1.200,125,100,14,3.000,300
303,bU,Wf,317.800,STA651+64.200,1.200,125,100,14,3.000,300
304,bU,Wf,319.000,STA651+63.000,1.200,125,100,14,3.000,300
305,bU,Wf,320.200,STA651+61.800,1.200,125,100,14,3.000,300
306,bU,Wf,321.400,STA651+60.600,1.200,125,100,14,3.000,300
307,bU,Wf,322.600,STA651+59.400,1.200,125,100,14,3.000,300
308,bU,Wf,323.800,STA651+58.200,1.200,125,100,14,3.000,300
309,bU,Wf,325.000,STA651+57.000,1.200,125,100,14,3.000,300
310,bU,Wf,326.200,STA651+55.800,1.200,125,100,14,3.000,300
311,bU,Wf,327.400,STA651+54.600,1.200,125,100,14,3.000,300
312,bU,Wf,328.600,STA651+53.400,1.200,125,100,14,3.000,300
313,bU,Wf,329.800,STA651+52.200,1.200,125,100,14,3.000,300
314,bU,Wf,331.000,STA651+51.000,1.200,125,100,14,3.000,300
315,bU,Wf,332.200,STA651+49.800,1.200,125,100,14,3.000,300
316,bU,Wf,333.400,STA651+48.600,1.200,125,100,14,3.000,300
317,bU,Wf,334.600,STA651+47.400,1.200,125,100,14,3.000,300
318,bU,Wf,335.800,STA651+46.200,1.200,125,100,14,3.000,300
319,bU,Wf,337.000,STA651+45.000,1.200,125,100,14,3.000,300
320,bU,Wf,338.200,STA651+43.800,1.200,125,100,14,3.000,300
321,bU,Wf,339.400,STA651+42.600,1.200,125,100,14,3.000,300
322,bU,Wf,340.600,STA651+41.400,1.200,125,100,14,3.000,300
323,bU,Wf,341.800,STA651+40.200,1.200,125,100,14,3.000,300
324,bU,Wf,343.000,STA651+39.000,1.200,125,100,14,3.000,300
325,bU,Wf,344.200,STA651+37.800,1.200,125,100,14,3.000,300
326,bU,Wf,345.400,STA651+36.600,1.200,125,100,14,3.000,300
327,bU,Wf,346.600,STA651+35.400,1.200,125,100,14,3.000,300
328,bU,Wf,347.800,STA651+34.200,1.200,125,100,14,3.000,300
329,bU,Wf,349.000,STA651+33.000,1.200,125,100,14,3.000,300
330,bU,Wf,350.200,STA651+31.800,1.200,125,100,14,3.000,300
331,bU,Wf,351.400,STA651+30.600,1.200,125,100,14,3.000,300
332,bU,Wf,352.600,STA651+29.400,1.200,125,100,14,3.000,300
333,bU,Wf,353.800,STA651+28.200,1.200,125,100,14,3.000,300
334,bU,Wf,355.000,STA651+27.000,1.200,125,100,14,3.000,300
335,bU,Wf,356.200,STA651+25.800,1.200,125,100,14,3.000,300
336,bU,Wf,357.400,STA651+24.600,1.200,125,100,14,3.000,300
337,bU,Wf,358.600,STA651+23.400,1.200,125,100,14,3.000,300
338,bU,Wf,359.800,STA651+22.200,1.200,125,100,14,3.000,300
339,bU,Wf,361.000,STA651+21.000,1.200,125,100,14,3.000,300
340,bU,Wf,362.200,STA651+19.800,1.200,125,100,14,3.000,300
341,bU,Wf,363.400,STA651+18.600,1.200,125,100,14,3.000,300
342,bU,Wf,364.600,STA651+17.400,1.200,125,100,14,3.000,300
343,bU,Wf,365.800,STA651+16.200,1.200,125,100,14,3.000,300
344,bU,Wf,367.000,STA651+15.000,1.200,125,100,14,3.000,300
345,bU,Wf,368.200,STA651+13.800,1.200,125,100,14,3.000,300
346,bU,Wf,369.400,STA651+12.600,1.200,125,100,14,3.000,300
347,bU,Wf,370.600,STA651+11.400,1.200,125,100,14,3.000,300
348,bU,Wf,371.800,STA651+10.200,1.200,125,100,14,3.000,300
349,bU,Wf,373.000,STA651+9.000,1.200,125,100,14,3.000,300
350,bU,Wf,374.200,STA651+7.800,1.200,125,100,14,3.000,300
351,bU,Wf,375.400,STA651+6.600,1.200,125,100,14,3.000,300
352,bU,Wf,376.600,STA651+5.400,1.200,125,100,14,3.000,300
353,bU,Wf,377.800,STA651+4.200,1.200,125,100,14,3.000,300
354,bU,Wf,379.000,STA651+3.000,1.200,125,100,14,3.000,300
355,bU,Wf,380.200,STA651+1.800,1.200,125,100,14,3.000,300
356,bU,Wf,381.400,STA651+0.600,1.200,125,100,14,3.000,300
357,bU,Wf,382.600,STA650+99.400,1.200,125,100,14,3.000,300
358,bU,Wf,383.800,STA650+98.200,1.200,125,100,14,3.000,300
359,bU,Wf,385.000,STA650+97.000,1.200,125,100,14,3.000,300
360,bU,Wf,386.200,STA650+95.800,1.200,125,100,14,3.000,300
361,bU,Wf,387.400,STA650+94.600,1.200,125,100,14,3.000,300
362,bU,Wf,388.600,STA650+93.400,1.200,125,100,14,3.000,300
363,bU,Wf,389.800,STA650+92.200,1.200,125,100,14,3.000,300
364,bU,Wf,391.000,STA650+91.000,1.200,125,100,14,3.000,300
365,bU,Wf,392.200,STA650+89.800,1.200,125,100,14,3.000,300
366,bU,Wf,393.400,STA650+88.600,1.200,125,100,14,3.000,300
367,bU,Wf,394.600,STA650+87.400,1.200,125,100,14,3.000,300
368,bU,Wf,395.800,STA650+86.200,1.200,125,100,14,3.000,300
369,bU,Wf,397.000,STA650+85.000,1.200,125,100,14,3.000,300
370,bU,Wf,398.200,STA650+83.800,1.200,125,100,14,3.000,300
371,bU,Wf,399.400,STA650+82.600,1.200,125,100,14,3.000,300
372,bU,Wf,400.600,STA650+81.400,1.200,125,100,14,3.000,300
373,bU,Wf,401.800,STA650+80.200,1.200,125,100,14,3.000,300
374,bU,Wf,403.000,STA650+79.000,1.200,125,100,14,3.000,300
375,bU,Wf,404.200,STA650+77.800,1.200,125,100,14,3.000,300
376,bU,Wf,405.400,STA650+76.600,1.200,125,100,14,3.000,300
377,bU,Wf,406.600,STA650+75.400,1.200,125,100,14,3.000,300
378,bU,Wf,407.800,STA650+74.200,1.200,125,100,14,3.000,300
379,bU,Wf,409.000,STA650+73.000,1.200,125,100,14,3.000,300
380,bU,Wf,410.200,STA650+71.800,1.200,125,100,14,3.000,300
381,bU,Wf,411.400,STA650+70.600,1.200,125,100,14,3.000,300
382,bU,Wf,412.600,STA650+69.400,1.200,125,100,14,3.000,300
383,bU,Wf,413.800,STA650+68.200,1.200,125,100,14,3.000,300
384,bU,Wf,415.000,STA650+67.000,1.200,125,100,14,3.000,300
385,bU,Wf,416.200,STA650+65.800,1.200,125,100,14,3.000,300
386,bU,Wf,417.400,STA650+64.600,1.200,125,100,14,3.000,300
387,bU,Wf,418.600,STA650+63.400,1.200,125,100,14,3.000,300
388,bU,Wf,419.800,STA650+62.200,1.200,125,100,14,3.000,300
389,bU,Wf,421.000,STA650+61.000,1.200,125,100,14,3.000,300
390,bU,Wf,422.200,STA650+59.800,1.200,125,100,14,3.000,300
391,bU,Wf,423.400,STA650+58.600,1.200,125,100,14,3.000,300
392,bU,Wf,424.600,STA650+57.400,1.200,125,100,14,3.000,300
393,bU,Wf,425.800,STA650+56.200,1.200,125,100,14,3.000,300
394,bU,Wf,427.000,STA650+55.000,1.200,125,100,14,3.000,300
395,bU,Wf,428.200,STA650+53.800,1.200,125,100,14,3.000,300
396,bU,Wf,429.400,STA650+52.600,1.200,125,100,14,3.000,300
397,bU,Wf,430.600,STA650+51.400,1.200,125,100,14,3.000,300
398,bU,Wf,431.800,STA650+50.200,1.200,125,100,14,3.000,300
399,bU,Wf,433.000,STA650+49.000,1.200,125,100,14,3.000,300
400,bU,Wf,434.200,STA650+47.800,1.200,125,100,14,3.000,300
401,bU,Wf,435.400,STA650+46.600,1.200,125,100,14,3.000,300
402,bU,Wf,436.600,STA650+45.400,1.200,125,100,14,3.000,300
403,bU,Wf,437.800,STA650+44.200,1.200,125,100,14,3.000,300
404,bU,Wf,439.000,STA650+43.000,1.200,125,100,14,3.000,300
405,bU,Wf,440.200,STA650+41.800,1.200,125,100,14,3.000,300
406,bU,Wf,441.400,STA650+40.600,1.200,125,100,14,3.000,300
407,bU,Wf,442.600,STA650+39.400,1.200,125,100,14,3.000,300
408,bU,Wf,443.800,STA650+38.200,1.200,125,100,14,3.000,300
409,bU,Wf,445.000,STA650+37.000,1.200,125,100,14,3.000,300
410,bU,Wf,446.200,STA650+35.800,1.200,125,100,14,3.000,300
411,bU,Wf,447.400,STA650+34.600,1.200,125,100,14,3.000,300
412,bU,Wf,448.600,STA650+33.400,1.200,125,100,14,3.000,300
413,bU,Wf,449.800,STA650+32.200,1.200,125,100,14,3.000,300
414,bU,Wf,451.000,STA650+31.000,1.200,125,100,14,3.000,300
415,bU,Wf,452.200,STA650+29.800,1.200,125,100,14,3.000,300
416,bU,Wf,453.400,STA650+28.600,1.200,125,100,14,3.000,300
417,bU,Wf,454.600,STA650+27.400,1.200,125,100,14,3.000,300
418,bU,Wf,455.800,STA650+26.200,1.200,125,100,14,3.000,300
419,bU,Wf,457.000,STA650+25.000,1.200,125,100,14,3.000,300
420,bU,Wf,458.200,STA650+23.800,1.200,125,100,14,3.000,300
421,bU,Wf,459.400,STA650+22.600,1.200,125,100,14,3.000,300
422,bU,Wf,460.600,STA650+21.400,1.200,125,100,14,3.000,300
423,bU,Wf,461.800,STA650+20.200,1.200,125,100,14,3.000,300
424,bU,Wf,463.000,STA650+19.000,1.200,125,100,14,3.000,300
425,bU,Wf,464.200,STA650+17.800,1.200,125,100,14,3.000,300
426,bU,Wf,465.400,STA650+16.600,1.200,125,100,14,3.000,300
427,bU,Wf,466.600,STA650+15.400,1.200,125,100,14,3.000,300
428,bU,Wf,467.800,STA650+14.200,1.200,125,100,14,3.000,300
429,bU,Wf,469.000,STA650+13.000,1.200,125,100,14,3.000,300
430,bU,Wf,470.200,STA650+11.800,1.200,125,100,14,3.000,300
431,bU,Wf,471.400,STA650+10.600,1.200,125,100,14,3.000,300
432,bU,Wf,472.600,STA650+9.400,1.200,125,100,14,3.000,300
433,bU,Wf,473.800,STA650+8.200,1.200,125,100,14,3.000,300
434,bU,Wf,475.000,STA650+7.000,1.200,125,100,14,3.000,300
435,bU,Wf,476.200,STA650+5.800,1.200,125,100,14,3.000,300
436,bU,Wf,477.400,STA650+4.600,1.200,125,100,14,3.000,300
437,bU,Wf,478.600,STA650+3.400,1.200,125,100,14,3.000,300
438,bU,Wf,479.800,STA650+2.200,1.200,125,100,14,3.000,300
439,bU,Wf,481.000,STA650+1.000,1.200,125,100,14,3.000,300
440,bU,Wf,482.200,STA649+99.800,1.200,125,100,14,3.000,300
441,bU,Wf,483.400,STA649+98.600,1.200,125,100,14,3.000,300
442,bU,Wf,484.600,STA649+97.400,1.200,125,100,14,3.000,300
443,bU,Wf,485.800,STA649+96.200,1.200,125,100,14,3.000,300
444,bU,Wf,487.000,STA649+95.000,1.200,125,100,14,3.000,300
445,bU,Wf,488.200,STA649+93.800,1.200,125,100,14,3.000,300
446,bU,Wf,489.400,STA649+92.600,1.200,125,100,14,3.000,300
447,bU,Wf,490.600,STA649+91.400,1.200,125,100,14,3.000,300
448,bU,Wf,491.800,STA649+90.200,1.200,125,100,14,3.000,300
449,bU,Wf,493.000,STA649+89.000,1.200,125,100,14,3.000,300
450,bU,Wf,494.200,STA649+87.800,1.200,125,100,14,3.000,300
451,bU,Wf,495.400,STA649+86.600,1.200,125,100,14,3.000,300
452,bU,Wf,496.600,STA649+85.400,1.200,125,100,14,3.000,300
453,bU,Wf,497.800,STA649+84.200,1.200,125,100,14,3.000,300
454,bU,Wf,499.000,STA649+83.000,1.200,125,100,14,3.000,300
455,bU,Wf,500.200,STA649+81.800,1.200,125,100,14,3.000,300
456,bU,Wf,501.400,STA649+80.600,1.200,125,100,14,3.000,300
457,bU,Wf,502.600,STA649+79.400,1.200,125,100,14,3.000,300
458,bU,Wf,503.800,STA649+78.200,1.200,125,100,14,3.000,300
459,bU,Wf,505.000,STA649+77.000,1.200,125,100,14,3.000,300
460,bU,Wf,506.200,STA649+75.800,1.200,125,100,14,3.000,300
461,bU,Wf,507.400,STA649+74.600,1.200,125,100,14,3.000,300
462,bU,Wf,508.600,STA649+73.400,1.200,125,100,14,3.000,300
463,bU,Wf,509.800,STA649+72.200,1.200,125,100,14,3.000,300
464,bU,Wf,511.000,STA649+71.000,1.200,125,100,14,3.000,300
465,bU,Wf,512.200,STA649+69.800,1.200,125,100,14,3.000,300
466,bU,Wf,513.400,STA649+68.600,1.200,125,100,14,3.000,300
467,bU,Wf,514.600,STA649+67.400,1.200,125,100,14,3.000,300
468,bU,Wf,515.800,STA649+66.200,1.200,125,100,14,3.000,300
469,bU,Wf,517.000,STA649+65.000,1.200,125,100,14,3.000,300
470,bU,Wf,518.200,STA649+63.800,1.200,125,100,14,3.000,300
471,bU,Wf,519.400,STA649+62.600,1.200,125,100,14,3.000,300
472,bU,Wf,520.600,STA649+61.400,1.200,125,100,14,3.000,300
473,bU,Wf,521.494,STA649+60.506,0.894,125,100,14,3.000,300
474,bU,Wf,522.387,STA649+59.613,0.893,125,100,14,3.000,300
475,bU,Wf,523.525,STA649+58.475,1.138,125,100,14,3.000,300
476,bU,Wf,524.675,STA649+57.325,1.150,125,100,14,3.000,300
477,bU,Wf,525.000,STA649+57.000,0.325,125,100,14,3.000,300
478,bUq풓ԑ,Wfʂq,527.075,STA649+54.925,2.075,150,150,20,4.000,400
479,bUq풓ԑ,Wfʂq,528.275,STA649+53.725,1.200,150,150,20,4.000,400
480,bUq풓ԑ,Wfʂq,529.475,STA649+52.525,1.200,150,150,20,4.000,400
481,bUq풓ԑ,Wfʂq,530.675,STA649+51.325,1.200,150,150,20,4.000,400
482,bUq풓ԑ,Wfʂq,531.875,STA649+50.125,1.200,150,150,20,4.000,400
483,bUq풓ԑ,Wfʂq,533.075,STA649+48.925,1.200,150,150,20,4.000,400
484,bUq풓ԑ,Wfʂq,534.275,STA649+47.725,1.200,150,150,20,4.000,400
485,bUq풓ԑ,Wfʂq,535.475,STA649+46.525,1.200,150,150,20,4.000,400
486,bUq풓ԑ,Wfʂq,536.675,STA649+45.325,1.200,150,150,20,4.000,400
487,bUq풓ԑ,Wfʂq,537.875,STA649+44.125,1.200,150,150,20,4.000,400
488,bUq풓ԑ,Wfʂq,539.075,STA649+42.925,1.200,150,150,20,4.000,400
489,bUq풓ԑ,Wfʂq,540.275,STA649+41.725,1.200,150,150,20,4.000,400
490,bUq풓ԑ,Wfʂq,541.475,STA649+40.525,1.200,150,150,20,4.000,400
491,bUq풓ԑ,Wfʂq,542.675,STA649+39.325,1.200,150,150,20,4.000,400
492,bUq풓ԑ,Wfʂq,543.875,STA649+38.125,1.200,150,150,20,4.000,400
493,bUq풓ԑ,Wfʂq,545.075,STA649+36.925,1.200,150,150,20,4.000,400
494,bUq풓ԑ,Wfʂq,546.275,STA649+35.725,1.200,150,150,20,4.000,400
495,bUq풓ԑ,Wfʂq,547.475,STA649+34.525,1.200,150,150,20,4.000,400
496,bUq풓ԑ,Wfʂq,548.675,STA649+33.325,1.200,150,150,20,4.000,400
497,bUq풓ԑ,Wfʂq,549.875,STA649+32.125,1.200,150,150,20,4.000,400
498,bUq풓ԑ,Wfʂq,551.075,STA649+30.925,1.200,150,150,20,4.000,400
499,bUq풓ԑ,Wfʂq,552.275,STA649+29.725,1.200,150,150,20,4.000,400
500,bUq풓ԑ,Wfʂq,553.475,STA649+28.525,1.200,150,150,20,4.000,400
501,bUq풓ԑ,Wfʂq,554.675,STA649+27.325,1.200,150,150,20,4.000,400
502,bUq풓ԑ,Wfʂq,555.625,STA649+26.375,0.950,150,150,20,4.000,400
503,bUq풓ԑ,Wfʂq,556.000,STA649+26.000,0.375,150,150,20,4.000,400
504,bU,Wf,557.200,STA649+24.800,1.200,125,100,14,3.000,300
505,bU,Wf,558.400,STA649+23.600,1.200,125,100,14,3.000,300
506,bU,Wf,559.600,STA649+22.400,1.200,125,100,14,3.000,300
507,bU,Wf,560.800,STA649+21.200,1.200,125,100,14,3.000,300
508,bU,Wf,562.000,STA649+20.000,1.200,125,100,14,3.000,300
509,bU,Wf,563.200,STA649+18.800,1.200,125,100,14,3.000,300
510,bU,Wf,564.400,STA649+17.600,1.200,125,100,14,3.000,300
511,bU,Wf,565.600,STA649+16.400,1.200,125,100,14,3.000,300
512,bU,Wf,566.800,STA649+15.200,1.200,125,100,14,3.000,300
513,bU,Wf,568.000,STA649+14.000,1.200,125,100,14,3.000,300
514,bU,Wf,569.200,STA649+12.800,1.200,125,100,14,3.000,300
515,bU,Wf,570.400,STA649+11.600,1.200,125,100,14,3.000,300
516,bU,Wf,571.600,STA649+10.400,1.200,125,100,14,3.000,300
517,bU,Wf,572.800,STA649+9.200,1.200,125,100,14,3.000,300
518,bU,Wf,574.000,STA649+8.000,1.200,125,100,14,3.000,300
519,bU,Wf,575.200,STA649+6.800,1.200,125,100,14,3.000,300
520,bU,Wf,576.400,STA649+5.600,1.200,125,100,14,3.000,300
521,bU,Wf,577.600,STA649+4.400,1.200,125,100,14,3.000,300
522,bU,Wf,578.800,STA649+3.200,1.200,125,100,14,3.000,300
523,bU,Wf,580.000,STA649+2.000,1.200,125,100,14,3.000,300
524,bU,Wf,581.200,STA649+0.800,1.200,125,100,14,3.000,300
525,bU,Wf,582.400,STA648+99.600,1.200,125,100,14,3.000,300
526,bU,Wf,583.600,STA648+98.400,1.200,125,100,14,3.000,300
527,bU,Wf,584.800,STA648+97.200,1.200,125,100,14,3.000,300
528,bU,Wf,586.000,STA648+96.000,1.200,125,100,14,3.000,300
529,bU,Wf,587.200,STA648+94.800,1.200,125,100,14,3.000,300
530,bU,Wf,588.400,STA648+93.600,1.200,125,100,14,3.000,300
531,bU,Wf,589.600,STA648+92.400,1.200,125,100,14,3.000,300
532,bU,Wf,590.800,STA648+91.200,1.200,125,100,14,3.000,300
533,bU,Wf,592.000,STA648+90.000,1.200,125,100,14,3.000,300
534,bU,Wf,593.200,STA648+88.800,1.200,125,100,14,3.000,300
535,bU,Wf,594.400,STA648+87.600,1.200,125,100,14,3.000,300
536,bU,Wf,595.600,STA648+86.400,1.200,125,100,14,3.000,300
537,bU,Wf,596.800,STA648+85.200,1.200,125,100,14,3.000,300
538,bU,Wf,598.000,STA648+84.000,1.200,125,100,14,3.000,300
539,bU,Wf,599.200,STA648+82.800,1.200,125,100,14,3.000,300
540,bU,Wf,600.400,STA648+81.600,1.200,125,100,14,3.000,300
541,bU,Wf,601.600,STA648+80.400,1.200,125,100,14,3.000,300
542,bU,Wf,602.800,STA648+79.200,1.200,125,100,14,3.000,300
543,bU,Wf,604.000,STA648+78.000,1.200,125,100,14,3.000,300
544,bU,Wf,605.200,STA648+76.800,1.200,125,100,14,3.000,300
545,bU,Wf,606.000,STA648+76.000,0.800,125,100,14,3.000,300
546,bUk풓ԑ,Wfʂk,606.876,STA648+75.124,0.876,150,150,20,4.000,400
547,bUk풓ԑ,Wfʂk,608.076,STA648+73.924,1.200,150,150,20,4.000,400
548,bUk풓ԑ,Wfʂk,609.276,STA648+72.724,1.200,150,150,20,4.000,400
549,bUk풓ԑ,Wfʂk,610.476,STA648+71.524,1.200,150,150,20,4.000,400
550,bUk풓ԑ,Wfʂk,611.676,STA648+70.324,1.200,150,150,20,4.000,400
551,bUk풓ԑ,Wfʂk,612.876,STA648+69.124,1.200,150,150,20,4.000,400
552,bUk풓ԑ,Wfʂk,614.076,STA648+67.924,1.200,150,150,20,4.000,400
553,bUk풓ԑ,Wfʂk,615.276,STA648+66.724,1.200,150,150,20,4.000,400
554,bUk풓ԑ,Wfʂk,616.476,STA648+65.524,1.200,150,150,20,4.000,400
555,bUk풓ԑ,Wfʂk,617.676,STA648+64.324,1.200,150,150,20,4.000,400
556,bUk풓ԑ,Wfʂk,618.876,STA648+63.124,1.200,150,150,20,4.000,400
557,bUk풓ԑ,Wfʂk,620.076,STA648+61.924,1.200,150,150,20,4.000,400
558,bUk풓ԑ,Wfʂk,621.276,STA648+60.724,1.200,150,150,20,4.000,400
559,bUk풓ԑ,Wfʂk,622.476,STA648+59.524,1.200,150,150,20,4.000,400
560,bUk풓ԑ,Wfʂk,623.676,STA648+58.324,1.200,150,150,20,4.000,400
561,bUk풓ԑ,Wfʂk,624.876,STA648+57.124,1.200,150,150,20,4.000,400
562,bUk풓ԑ,Wfʂk,626.076,STA648+55.924,1.200,150,150,20,4.000,400
563,bUk풓ԑ,Wfʂk,627.276,STA648+54.724,1.200,150,150,20,4.000,400
564,bUk풓ԑ,Wfʂk,628.476,STA648+53.524,1.200,150,150,20,4.000,400
565,bUk풓ԑ,Wfʂk,629.676,STA648+52.324,1.200,150,150,20,4.000,400
566,bUk풓ԑ,Wfʂk,630.876,STA648+51.124,1.200,150,150,20,4.000,400
567,bUk풓ԑ,Wfʂk,632.076,STA648+49.924,1.200,150,150,20,4.000,400
568,bUk풓ԑ,Wfʂk,633.276,STA648+48.724,1.200,150,150,20,4.000,400
569,bUk풓ԑ,Wfʂk,634.476,STA648+47.524,1.200,150,150,20,4.000,400
570,bUk풓ԑ,Wfʂk,635.676,STA648+46.324,1.200,150,150,20,4.000,400
571,bUk풓ԑ,Wfʂk,636.876,STA648+45.124,1.200,150,150,20,4.000,400
572,bUk풓ԑ,Wfʂk,637.000,STA648+45.000,0.124,150,150,20,4.000,400
573,bU,Wf,638.113,STA648+43.887,1.113,125,100,14,3.000,300
574,bU,Wf,639.200,STA648+42.800,1.087,125,100,14,3.000,300
575,bU,Wf,640.400,STA648+41.600,1.200,125,100,14,3.000,300
576,bU,Wf,641.600,STA648+40.400,1.200,125,100,14,3.000,300
577,bU,Wf,642.800,STA648+39.200,1.200,125,100,14,3.000,300
578,bU,Wf,644.000,STA648+38.000,1.200,125,100,14,3.000,300
579,bU,Wf,645.200,STA648+36.800,1.200,125,100,14,3.000,300
580,bU,Wf,646.400,STA648+35.600,1.200,125,100,14,3.000,300
581,bU,Wf,647.600,STA648+34.400,1.200,125,100,14,3.000,300
582,bU,Wf,648.800,STA648+33.200,1.200,125,100,14,3.000,300
583,bU,Wf,650.000,STA648+32.000,1.200,125,100,14,3.000,300
584,bU,Wf,651.200,STA648+30.800,1.200,125,100,14,3.000,300
585,bU,Wf,652.400,STA648+29.600,1.200,125,100,14,3.000,300
586,bU,Wf,653.600,STA648+28.400,1.200,125,100,14,3.000,300
587,bU,Wf,654.800,STA648+27.200,1.200,125,100,14,3.000,300
588,bU,Wf,656.000,STA648+26.000,1.200,125,100,14,3.000,300
589,bU,Wf,657.200,STA648+24.800,1.200,125,100,14,3.000,300
590,bU,Wf,658.400,STA648+23.600,1.200,125,100,14,3.000,300
591,bU,Wf,659.600,STA648+22.400,1.200,125,100,14,3.000,300
592,bU,Wf,660.800,STA648+21.200,1.200,125,100,14,3.000,300
593,bU,Wf,662.000,STA648+20.000,1.200,125,100,14,3.000,300
594,bU,Wf,663.200,STA648+18.800,1.200,125,100,14,3.000,300
595,bU,Wf,664.400,STA648+17.600,1.200,125,100,14,3.000,300
596,bU,Wf,665.600,STA648+16.400,1.200,125,100,14,3.000,300
597,bU,Wf,666.800,STA648+15.200,1.200,125,100,14,3.000,300
598,bU,Wf,668.000,STA648+14.000,1.200,125,100,14,3.000,300
599,bU,Wf,669.200,STA648+12.800,1.200,125,100,14,3.000,300
600,bU,Wf,670.400,STA648+11.600,1.200,125,100,14,3.000,300
601,bU,Wf,671.600,STA648+10.400,1.200,125,100,14,3.000,300
602,bU,Wf,672.800,STA648+9.200,1.200,125,100,14,3.000,300
603,bU,Wf,674.000,STA648+8.000,1.200,125,100,14,3.000,300
604,bU,Wf,675.200,STA648+6.800,1.200,125,100,14,3.000,300
605,bU,Wf,676.400,STA648+5.600,1.200,125,100,14,3.000,300
606,bU,Wf,677.600,STA648+4.400,1.200,125,100,14,3.000,300
607,bU,Wf,678.800,STA648+3.200,1.200,125,100,14,3.000,300
608,bU,Wf,680.000,STA648+2.000,1.200,125,100,14,3.000,300
609,bU,Wf,681.200,STA648+0.800,1.200,125,100,14,3.000,300
610,bU,Wf,682.400,STA647+99.600,1.200,125,100,14,3.000,300
611,bU,Wf,683.600,STA647+98.400,1.200,125,100,14,3.000,300
612,bU,Wf,684.800,STA647+97.200,1.200,125,100,14,3.000,300
613,bU,Wf,686.000,STA647+96.000,1.200,125,100,14,3.000,300
614,bU,Wf,687.200,STA647+94.800,1.200,125,100,14,3.000,300
615,bU,Wf,688.400,STA647+93.600,1.200,125,100,14,3.000,300
616,bU,Wf,689.600,STA647+92.400,1.200,125,100,14,3.000,300
617,bU,Wf,690.800,STA647+91.200,1.200,125,100,14,3.000,300
618,bU,Wf,692.000,STA647+90.000,1.200,125,100,14,3.000,300
619,bU,Wf,693.200,STA647+88.800,1.200,125,100,14,3.000,300
620,bU,Wf,694.400,STA647+87.600,1.200,125,100,14,3.000,300
621,bU,Wf,695.600,STA647+86.400,1.200,125,100,14,3.000,300
622,bU,Wf,696.800,STA647+85.200,1.200,125,100,14,3.000,300
623,bU,Wf,698.000,STA647+84.000,1.200,125,100,14,3.000,300
624,bU,Wf,699.200,STA647+82.800,1.200,125,100,14,3.000,300
625,bU,Wf,700.400,STA647+81.600,1.200,125,100,14,3.000,300
626,bU,Wf,701.600,STA647+80.400,1.200,125,100,14,3.000,300
627,bU,Wf,702.800,STA647+79.200,1.200,125,100,14,3.000,300
628,bU,Wf,704.000,STA647+78.000,1.200,125,100,14,3.000,300
629,bU,Wf,705.200,STA647+76.800,1.200,125,100,14,3.000,300
630,bU,Wf,706.400,STA647+75.600,1.200,125,100,14,3.000,300
631,bU,Wf,707.600,STA647+74.400,1.200,125,100,14,3.000,300
632,bU,Wf,708.800,STA647+73.200,1.200,125,100,14,3.000,300
633,bU,Wf,710.000,STA647+72.000,1.200,125,100,14,3.000,300
634,bU,Wf,711.200,STA647+70.800,1.200,125,100,14,3.000,300
635,bU,Wf,712.400,STA647+69.600,1.200,125,100,14,3.000,300
636,bU,Wf,713.600,STA647+68.400,1.200,125,100,14,3.000,300
637,bU,Wf,714.800,STA647+67.200,1.200,125,100,14,3.000,300
638,bU,Wf,716.000,STA647+66.000,1.200,125,100,14,3.000,300
639,bU,Wf,717.200,STA647+64.800,1.200,125,100,14,3.000,300
640,bU,Wf,718.400,STA647+63.600,1.200,125,100,14,3.000,300
641,bU,Wf,719.600,STA647+62.400,1.200,125,100,14,3.000,300
642,bU,Wf,720.800,STA647+61.200,1.200,125,100,14,3.000,300
643,bU,Wf,722.000,STA647+60.000,1.200,125,100,14,3.000,300
644,bU,Wf,723.200,STA647+58.800,1.200,125,100,14,3.000,300
645,bU,Wf,724.400,STA647+57.600,1.200,125,100,14,3.000,300
646,bU,Wf,725.600,STA647+56.400,1.200,125,100,14,3.000,300
647,bU,Wf,726.800,STA647+55.200,1.200,125,100,14,3.000,300
648,bU,Wf,728.000,STA647+54.000,1.200,125,100,14,3.000,300
649,bU,Wf,729.200,STA647+52.800,1.200,125,100,14,3.000,300
650,bU,Wf,730.400,STA647+51.600,1.200,125,100,14,3.000,300
651,bU,Wf,731.600,STA647+50.400,1.200,125,100,14,3.000,300
652,bU,Wf,732.800,STA647+49.200,1.200,125,100,14,3.000,300
653,bU,Wf,734.000,STA647+48.000,1.200,125,100,14,3.000,300
654,bU,Wf,735.200,STA647+46.800,1.200,125,100,14,3.000,300
655,bU,Wf,736.400,STA647+45.600,1.200,125,100,14,3.000,300
656,bU,Wf,737.600,STA647+44.400,1.200,125,100,14,3.000,300
657,bU,Wf,738.800,STA647+43.200,1.200,125,100,14,3.000,300
658,bU,Wf,740.000,STA647+42.000,1.200,125,100,14,3.000,300
659,bU,Wf,741.200,STA647+40.800,1.200,125,100,14,3.000,300
660,bU,Wf,742.400,STA647+39.600,1.200,125,100,14,3.000,300
661,bU,Wf,743.600,STA647+38.400,1.200,125,100,14,3.000,300
662,bU,Wf,744.800,STA647+37.200,1.200,125,100,14,3.000,300
663,bU,Wf,746.000,STA647+36.000,1.200,125,100,14,3.000,300
664,bU,Wf,747.200,STA647+34.800,1.200,125,100,14,3.000,300
665,bU,Wf,748.400,STA647+33.600,1.200,125,100,14,3.000,300
666,bU,Wf,749.600,STA647+32.400,1.200,125,100,14,3.000,300
667,bU,Wf,750.800,STA647+31.200,1.200,125,100,14,3.000,300
668,bU,Wf,752.000,STA647+30.000,1.200,125,100,14,3.000,300
669,bU,Wf,753.200,STA647+28.800,1.200,125,100,14,3.000,300
670,bU,Wf,754.400,STA647+27.600,1.200,125,100,14,3.000,300
671,bU,Wf,755.600,STA647+26.400,1.200,125,100,14,3.000,300
672,bU,Wf,756.800,STA647+25.200,1.200,125,100,14,3.000,300
673,bU,Wf,758.000,STA647+24.000,1.200,125,100,14,3.000,300
674,bU,Wf,759.200,STA647+22.800,1.200,125,100,14,3.000,300
675,bU,Wf,760.400,STA647+21.600,1.200,125,100,14,3.000,300
676,bU,Wf,761.600,STA647+20.400,1.200,125,100,14,3.000,300
677,bU,Wf,762.800,STA647+19.200,1.200,125,100,14,3.000,300
678,bU,Wf,764.000,STA647+18.000,1.200,125,100,14,3.000,300
679,bU,Wf,765.200,STA647+16.800,1.200,125,100,14,3.000,300
680,bU,Wf,766.400,STA647+15.600,1.200,125,100,14,3.000,300
681,bU,Wf,767.600,STA647+14.400,1.200,125,100,14,3.000,300
682,bU,Wf,768.800,STA647+13.200,1.200,125,100,14,3.000,300
683,bU,Wf,770.000,STA647+12.000,1.200,125,100,14,3.000,300
684,bU,Wf,771.200,STA647+10.800,1.200,125,100,14,3.000,300
685,bU,Wf,772.400,STA647+9.600,1.200,125,100,14,3.000,300
686,bU,Wf,773.600,STA647+8.400,1.200,125,100,14,3.000,300
687,bU,Wf,774.800,STA647+7.200,1.200,125,100,14,3.000,300
688,bU,Wf,776.000,STA647+6.000,1.200,125,100,14,3.000,300
689,bU,Wf,777.200,STA647+4.800,1.200,125,100,14,3.000,300
690,bU,Wf,778.400,STA647+3.600,1.200,125,100,14,3.000,300
691,bU,Wf,779.600,STA647+2.400,1.200,125,100,14,3.000,300
692,bU,Wf,780.800,STA647+1.200,1.200,125,100,14,3.000,300
693,bU,Wf,782.000,STA647+0.000,1.200,125,100,14,3.000,300
694,bU,Wf,783.200,STA646+98.800,1.200,125,100,14,3.000,300
695,bU,Wf,784.400,STA646+97.600,1.200,125,100,14,3.000,300
696,bU,Wf,785.600,STA646+96.400,1.200,125,100,14,3.000,300
697,bU,Wf,786.800,STA646+95.200,1.200,125,100,14,3.000,300
698,bU,Wf,788.000,STA646+94.000,1.200,125,100,14,3.000,300
699,bU,Wf,789.200,STA646+92.800,1.200,125,100,14,3.000,300
700,bU,Wf,790.400,STA646+91.600,1.200,125,100,14,3.000,300
701,bU,Wf,791.600,STA646+90.400,1.200,125,100,14,3.000,300
702,bU,Wf,792.800,STA646+89.200,1.200,125,100,14,3.000,300
703,bU,Wf,794.000,STA646+88.000,1.200,125,100,14,3.000,300
704,bU,Wf,795.200,STA646+86.800,1.200,125,100,14,3.000,300
705,bU,Wf,796.400,STA646+85.600,1.200,125,100,14,3.000,300
706,bU,Wf,797.600,STA646+84.400,1.200,125,100,14,3.000,300
707,bU,Wf,798.800,STA646+83.200,1.200,125,100,14,3.000,300
708,bU,Wf,800.000,STA646+82.000,1.200,125,100,14,3.000,300
709,bU,Wf,801.200,STA646+80.800,1.200,125,100,14,3.000,300
710,bU,Wf,802.400,STA646+79.600,1.200,125,100,14,3.000,300
711,bU,Wf,803.600,STA646+78.400,1.200,125,100,14,3.000,300
712,bU,Wf,804.800,STA646+77.200,1.200,125,100,14,3.000,300
713,bU,Wf,806.000,STA646+76.000,1.200,125,100,14,3.000,300
714,bU,Wf,807.200,STA646+74.800,1.200,125,100,14,3.000,300
715,bU,Wf,808.400,STA646+73.600,1.200,125,100,14,3.000,300
716,bU,Wf,809.600,STA646+72.400,1.200,125,100,14,3.000,300
717,bU,Wf,810.800,STA646+71.200,1.200,125,100,14,3.000,300
718,bU,Wf,812.000,STA646+70.000,1.200,125,100,14,3.000,300
719,bU,Wf,813.200,STA646+68.800,1.200,125,100,14,3.000,300
720,bU,Wf,814.400,STA646+67.600,1.200,125,100,14,3.000,300
721,bU,Wf,815.600,STA646+66.400,1.200,125,100,14,3.000,300
722,bU,Wf,816.800,STA646+65.200,1.200,125,100,14,3.000,300
723,bU,Wf,818.000,STA646+64.000,1.200,125,100,14,3.000,300
724,bU,Wf,819.200,STA646+62.800,1.200,125,100,14,3.000,300
725,bU,Wf,820.400,STA646+61.600,1.200,125,100,14,3.000,300
726,bU,Wf,821.600,STA646+60.400,1.200,125,100,14,3.000,300
727,bU,Wf,822.800,STA646+59.200,1.200,125,100,14,3.000,300
728,bU,Wf,824.000,STA646+58.000,1.200,125,100,14,3.000,300
729,bU,Wf,825.200,STA646+56.800,1.200,125,100,14,3.000,300
730,bU,Wf,826.400,STA646+55.600,1.200,125,100,14,3.000,300
731,bU,Wf,827.600,STA646+54.400,1.200,125,100,14,3.000,300
732,bU,Wf,828.800,STA646+53.200,1.200,125,100,14,3.000,300
733,bU,Wf,830.000,STA646+52.000,1.200,125,100,14,3.000,300
734,bU,Wf,831.200,STA646+50.800,1.200,125,100,14,3.000,300
735,bU,Wf,832.400,STA646+49.600,1.200,125,100,14,3.000,300
736,bU,Wf,833.600,STA646+48.400,1.200,125,100,14,3.000,300
737,bU,Wf,834.800,STA646+47.200,1.200,125,100,14,3.000,300
738,bU,Wf,836.000,STA646+46.000,1.200,125,100,14,3.000,300
739,bU,Wf,837.200,STA646+44.800,1.200,125,100,14,3.000,300
740,bU,Wf,838.400,STA646+43.600,1.200,125,100,14,3.000,300
741,bU,Wf,839.600,STA646+42.400,1.200,125,100,14,3.000,300
742,bU,Wf,840.800,STA646+41.200,1.200,125,100,14,3.000,300
743,bU,Wf,842.000,STA646+40.000,1.200,125,100,14,3.000,300
744,bU,Wf,843.200,STA646+38.800,1.200,125,100,14,3.000,300
745,bU,Wf,844.400,STA646+37.600,1.200,125,100,14,3.000,300
746,bU,Wf,845.600,STA646+36.400,1.200,125,100,14,3.000,300
747,bU,Wf,846.800,STA646+35.200,1.200,125,100,14,3.000,300
748,bU,Wf,848.000,STA646+34.000,1.200,125,100,14,3.000,300
749,bU,Wf,849.200,STA646+32.800,1.200,125,100,14,3.000,300
750,bU,Wf,850.400,STA646+31.600,1.200,125,100,14,3.000,300
751,bU,Wf,851.600,STA646+30.400,1.200,125,100,14,3.000,300
752,bU,Wf,852.800,STA646+29.200,1.200,125,100,14,3.000,300
753,bU,Wf,854.000,STA646+28.000,1.200,125,100,14,3.000,300
754,bU,Wf,855.200,STA646+26.800,1.200,125,100,14,3.000,300
755,bU,Wf,856.400,STA646+25.600,1.200,125,100,14,3.000,300
756,bU,Wf,857.600,STA646+24.400,1.200,125,100,14,3.000,300
757,bU,Wf,858.800,STA646+23.200,1.200,125,100,14,3.000,300
758,bU,Wf,860.000,STA646+22.000,1.200,125,100,14,3.000,300
759,bU,Wf,861.200,STA646+20.800,1.200,125,100,14,3.000,300
760,bU,Wf,862.400,STA646+19.600,1.200,125,100,14,3.000,300
761,bU,Wf,863.600,STA646+18.400,1.200,125,100,14,3.000,300
762,bU,Wf,864.800,STA646+17.200,1.200,125,100,14,3.000,300
763,bU,Wf,866.000,STA646+16.000,1.200,125,100,14,3.000,300
764,bU,Wf,867.200,STA646+14.800,1.200,125,100,14,3.000,300
765,bU,Wf,868.400,STA646+13.600,1.200,125,100,14,3.000,300
766,bU,Wf,869.600,STA646+12.400,1.200,125,100,14,3.000,300
767,bU,Wf,870.800,STA646+11.200,1.200,125,100,14,3.000,300
768,bU,Wf,872.000,STA646+10.000,1.200,125,100,14,3.000,300
769,bU,Wf,873.200,STA646+8.800,1.200,125,100,14,3.000,300
770,bU,Wf,874.400,STA646+7.600,1.200,125,100,14,3.000,300
771,bU,Wf,875.600,STA646+6.400,1.200,125,100,14,3.000,300
772,bU,Wf,876.800,STA646+5.200,1.200,125,100,14,3.000,300
773,bU,Wf,878.000,STA646+4.000,1.200,125,100,14,3.000,300
774,bU,Wf,879.200,STA646+2.800,1.200,125,100,14,3.000,300
775,bU,Wf,880.400,STA646+1.600,1.200,125,100,14,3.000,300
776,bU,Wf,881.600,STA646+0.400,1.200,125,100,14,3.000,300
777,bU,Wf,882.800,STA645+99.200,1.200,125,100,14,3.000,300
778,bU,Wf,884.000,STA645+98.000,1.200,125,100,14,3.000,300
779,bU,Wf,885.200,STA645+96.800,1.200,125,100,14,3.000,300
780,bU,Wf,886.400,STA645+95.600,1.200,125,100,14,3.000,300
781,bU,Wf,887.600,STA645+94.400,1.200,125,100,14,3.000,300
782,bU,Wf,888.800,STA645+93.200,1.200,125,100,14,3.000,300
783,bU,Wf,890.000,STA645+92.000,1.200,125,100,14,3.000,300
784,bU,Wf,891.200,STA645+90.800,1.200,125,100,14,3.000,300
785,bU,Wf,892.400,STA645+89.600,1.200,125,100,14,3.000,300
786,bU,Wf,893.600,STA645+88.400,1.200,125,100,14,3.000,300
787,bU,Wf,894.800,STA645+87.200,1.200,125,100,14,3.000,300
788,bU,Wf,896.000,STA645+86.000,1.200,125,100,14,3.000,300
789,bU,Wf,897.200,STA645+84.800,1.200,125,100,14,3.000,300
790,bU,Wf,898.400,STA645+83.600,1.200,125,100,14,3.000,300
791,bU,Wf,899.600,STA645+82.400,1.200,125,100,14,3.000,300
792,bU,Wf,900.800,STA645+81.200,1.200,125,100,14,3.000,300
793,bU,Wf,902.000,STA645+80.000,1.200,125,100,14,3.000,300
794,bU,Wf,903.200,STA645+78.800,1.200,125,100,14,3.000,300
795,bU,Wf,904.400,STA645+77.600,1.200,125,100,14,3.000,300
796,bU,Wf,905.600,STA645+76.400,1.200,125,100,14,3.000,300
797,bU,Wf,906.800,STA645+75.200,1.200,125,100,14,3.000,300
798,bU,Wf,908.000,STA645+74.000,1.200,125,100,14,3.000,300
799,bU,Wf,909.200,STA645+72.800,1.200,125,100,14,3.000,300
800,bU,Wf,910.400,STA645+71.600,1.200,125,100,14,3.000,300
801,bU,Wf,911.600,STA645+70.400,1.200,125,100,14,3.000,300
802,bU,Wf,912.800,STA645+69.200,1.200,125,100,14,3.000,300
803,bU,Wf,914.000,STA645+68.000,1.200,125,100,14,3.000,300
804,bU,Wf,915.200,STA645+66.800,1.200,125,100,14,3.000,300
805,bU,Wf,916.400,STA645+65.600,1.200,125,100,14,3.000,300
806,bU,Wf,917.600,STA645+64.400,1.200,125,100,14,3.000,300
807,bU,Wf,918.800,STA645+63.200,1.200,125,100,14,3.000,300
808,bU,Wf,920.000,STA645+62.000,1.200,125,100,14,3.000,300
809,bU,Wf,921.200,STA645+60.800,1.200,125,100,14,3.000,300
810,bU,Wf,922.400,STA645+59.600,1.200,125,100,14,3.000,300
811,bU,Wf,923.600,STA645+58.400,1.200,125,100,14,3.000,300
812,bU,Wf,924.800,STA645+57.200,1.200,125,100,14,3.000,300
813,bU,Wf,926.000,STA645+56.000,1.200,125,100,14,3.000,300
814,bU,Wf,927.200,STA645+54.800,1.200,125,100,14,3.000,300
815,bU,Wf,928.400,STA645+53.600,1.200,125,100,14,3.000,300
816,bU,Wf,929.600,STA645+52.400,1.200,125,100,14,3.000,300
817,bU,Wf,930.800,STA645+51.200,1.200,125,100,14,3.000,300
818,bU,Wf,932.000,STA645+50.000,1.200,125,100,14,3.000,300
819,bU,Wf,933.200,STA645+48.800,1.200,125,100,14,3.000,300
820,bU,Wf,934.400,STA645+47.600,1.200,125,100,14,3.000,300
821,bU,Wf,935.600,STA645+46.400,1.200,125,100,14,3.000,300
822,bU,Wf,936.800,STA645+45.200,1.200,125,100,14,3.000,300
823,bU,Wf,938.000,STA645+44.000,1.200,125,100,14,3.000,300
824,bU,Wf,939.200,STA645+42.800,1.200,125,100,14,3.000,300
825,bU,Wf,940.400,STA645+41.600,1.200,125,100,14,3.000,300
826,bU,Wf,941.600,STA645+40.400,1.200,125,100,14,3.000,300
827,bU,Wf,942.800,STA645+39.200,1.200,125,100,14,3.000,300
828,bU,Wf,944.000,STA645+38.000,1.200,125,100,14,3.000,300
829,bU,Wf,945.200,STA645+36.800,1.200,125,100,14,3.000,300
830,bU,Wf,946.400,STA645+35.600,1.200,125,100,14,3.000,300
831,bU,Wf,947.600,STA645+34.400,1.200,125,100,14,3.000,300
832,bU,Wf,948.800,STA645+33.200,1.200,125,100,14,3.000,300
833,bU,Wf,950.000,STA645+32.000,1.200,125,100,14,3.000,300
834,bU,Wf,951.200,STA645+30.800,1.200,125,100,14,3.000,300
835,bU,Wf,952.400,STA645+29.600,1.200,125,100,14,3.000,300
836,bU,Wf,953.600,STA645+28.400,1.200,125,100,14,3.000,300
837,bU,Wf,954.800,STA645+27.200,1.200,125,100,14,3.000,300
838,bU,Wf,956.000,STA645+26.000,1.200,125,100,14,3.000,300
839,bU,Wf,957.200,STA645+24.800,1.200,125,100,14,3.000,300
840,bU,Wf,958.400,STA645+23.600,1.200,125,100,14,3.000,300
841,bU,Wf,959.600,STA645+22.400,1.200,125,100,14,3.000,300
842,bU,Wf,960.800,STA645+21.200,1.200,125,100,14,3.000,300
843,bU,Wf,962.000,STA645+20.000,1.200,125,100,14,3.000,300
844,bU,Wf,963.200,STA645+18.800,1.200,125,100,14,3.000,300
845,bU,Wf,964.400,STA645+17.600,1.200,125,100,14,3.000,300
846,bU,Wf,965.600,STA645+16.400,1.200,125,100,14,3.000,300
847,bU,Wf,966.800,STA645+15.200,1.200,125,100,14,3.000,300
848,bU,Wf,968.000,STA645+14.000,1.200,125,100,14,3.000,300
849,bU,Wf,969.200,STA645+12.800,1.200,125,100,14,3.000,300
850,bU,Wf,970.400,STA645+11.600,1.200,125,100,14,3.000,300
851,bU,Wf,971.600,STA645+10.400,1.200,125,100,14,3.000,300
852,bU,Wf,972.800,STA645+9.200,1.200,125,100,14,3.000,300
853,bU,Wf,974.000,STA645+8.000,1.200,125,100,14,3.000,300
854,cT,Wf,975.200,STA645+6.800,1.200,125,150,18,4.000,300
855,cT,Wf,976.200,STA645+5.800,1.000,125,150,18,4.000,300
856,cT,Wf,977.200,STA645+4.800,1.000,125,150,18,4.000,300
857,cT,Wf,978.200,STA645+3.800,1.000,125,150,18,4.000,300
858,cT,Wf,979.200,STA645+2.800,1.000,125,150,18,4.000,300
859,cT,Wf,980.200,STA645+1.800,1.000,125,150,18,4.000,300
860,cT,Wf,981.200,STA645+0.800,1.000,125,150,18,4.000,300
861,cT,Wf,982.200,STA644+99.800,1.000,125,150,18,4.000,300
862,cT,Wf,983.200,STA644+98.800,1.000,125,150,18,4.000,300
863,cT,Wf,984.200,STA644+97.800,1.000,125,150,18,4.000,300
864,cT,Wf,985.200,STA644+96.800,1.000,125,150,18,4.000,300
865,cT,Wf,986.200,STA644+95.800,1.000,125,150,18,4.000,300
866,cT,Wf,987.200,STA644+94.800,1.000,125,150,18,4.000,300
867,cT,Wf,988.200,STA644+93.800,1.000,125,150,18,4.000,300
868,cT,Wf,989.200,STA644+92.800,1.000,125,150,18,4.000,300
869,cT,Wf,990.200,STA644+91.800,1.000,125,150,18,4.000,300
870,cT,Wf,991.200,STA644+90.800,1.000,125,150,18,4.000,300
871,cT,Wf,992.200,STA644+89.800,1.000,125,150,18,4.000,300
872,cT,Wf,993.200,STA644+88.800,1.000,125,150,18,4.000,300
873,cT,Wf,994.200,STA644+87.800,1.000,125,150,18,4.000,300
874,cT,Wf,995.200,STA644+86.800,1.000,125,150,18,4.000,300
875,cT,Wf,996.200,STA644+85.800,1.000,125,150,18,4.000,300
876,cT,Wf,997.200,STA644+84.800,1.000,125,150,18,4.000,300
877,cT,Wf,998.200,STA644+83.800,1.000,125,150,18,4.000,300
878,cT,Wf,999.200,STA644+82.800,1.000,125,150,18,4.000,300
879,cT,Wf,999.850,STA644+82.150,0.650,125,150,18,4.000,300
880,cV,Wf,1000.500,STA644+81.500,0.650,200,250,8,4.000,350
881,cV,Wf,1001.500,STA644+80.500,1.000,200,250,8,4.000,350
882,cV,Wf,1002.500,STA644+79.500,1.000,200,250,8,4.000,350
883,cV,Wf,1003.500,STA644+78.500,1.000,200,250,8,4.000,350
884,cV,Wf,1004.500,STA644+77.500,1.000,200,250,8,4.000,350
885,cV,Wf,1005.500,STA644+76.500,1.000,200,250,8,4.000,350
886,cV,Wf,1006.500,STA644+75.500,1.000,200,250,8,4.000,350
887,cV,Wf,1007.500,STA644+74.500,1.000,200,250,8,4.000,350
888,cV,Wf,1008.500,STA644+73.500,1.000,200,250,8,4.000,350
889,cV,Wf,1009.500,STA644+72.500,1.000,200,250,8,4.000,350
890,cV,Wf,1010.500,STA644+71.500,1.000,200,250,8,4.000,350
891,cV,Wf,1011.500,STA644+70.500,1.000,200,250,8,4.000,350
892,cV,Wf,1012.500,STA644+69.500,1.000,200,250,8,4.000,350
893,cV,Wf,1013.500,STA644+68.500,1.000,200,250,8,4.000,350
894,cV,Wf,1014.500,STA644+67.500,1.000,200,250,8,4.000,350
895,cV,Wf,1015.500,STA644+66.500,1.000,200,250,8,4.000,350
896,cV,Wf,1016.500,STA644+65.500,1.000,200,250,8,4.000,350
897,cV,Wf,1017.500,STA644+64.500,1.000,200,250,8,4.000,350
898,cV,Wf,1018.500,STA644+63.500,1.000,200,250,8,4.000,350
899,cV,Wf,1019.500,STA644+62.500,1.000,200,250,8,4.000,350
900,cV,Wf,1020.500,STA644+61.500,1.000,200,250,8,4.000,350
901,cV,Wf,1021.500,STA644+60.500,1.000,200,250,8,4.000,350
902,cV,Wf,1022.500,STA644+59.500,1.000,200,250,8,4.000,350
903,cV,Wf,1023.500,STA644+58.500,1.000,200,250,8,4.000,350
904,cV,Wf,1024.500,STA644+57.500,1.000,200,250,8,4.000,350
905,cV,Wf,1025.500,STA644+56.500,1.000,200,250,8,4.000,350
906,cV,Wf,1026.500,STA644+55.500,1.000,200,250,8,4.000,350
907,cV,Wf,1027.500,STA644+54.500,1.000,200,250,8,4.000,350
908,cV,Wf,1028.500,STA644+53.500,1.000,200,250,8,4.000,350
909,cV,Wf,1029.500,STA644+52.500,1.000,200,250,8,4.000,350
910,cV,Wf,1030.500,STA644+51.500,1.000,200,250,8,4.000,350
911,cV,Wf,1031.500,STA644+50.500,1.000,200,250,8,4.000,350
912,cV,Wf,1032.500,STA644+49.500,1.000,200,250,8,4.000,350
913,cV,Wf,1033.500,STA644+48.500,1.000,200,250,8,4.000,350
914,cV,Wf,1034.500,STA644+47.500,1.000,200,250,8,4.000,350
915,cV,Wf,1035.500,STA644+46.500,1.000,200,250,8,4.000,350
916,cV,Wf,1036.500,STA644+45.500,1.000,200,250,8,4.000,350
917,cV,Wf,1037.500,STA644+44.500,1.000,200,250,8,4.000,350
918,cV,Wf,1038.500,STA644+43.500,1.000,200,250,8,4.000,350
919,cV,Wf,1039.500,STA644+42.500,1.000,200,250,8,4.000,350
920,cV,Wf,1040.500,STA644+41.500,1.000,200,250,8,4.000,350
921,cV,Wf,1041.500,STA644+40.500,1.000,200,250,8,4.000,350
922,cV,Wf,1042.500,STA644+39.500,1.000,200,250,8,4.000,350
923,cV,Wf,1043.500,STA644+38.500,1.000,200,250,8,4.000,350
924,cV,Wf,1044.500,STA644+37.500,1.000,200,250,8,4.000,350
925,cV,Wf,1045.500,STA644+36.500,1.000,200,250,8,4.000,350
926,cV,Wf,1046.500,STA644+35.500,1.000,200,250,8,4.000,350
927,cV,Wf,1047.500,STA644+34.500,1.000,200,250,8,4.000,350
928,cV,Wf,1048.500,STA644+33.500,1.000,200,250,8,4.000,350
929,cV,Wf,1049.500,STA644+32.500,1.000,200,250,8,4.000,350
930,cV,Wf,1050.500,STA644+31.500,1.000,200,250,8,4.000,350
931,cV,Wf,1051.500,STA644+30.500,1.000,200,250,8,4.000,350
932,cV,Wf,1052.500,STA644+29.500,1.000,200,250,8,4.000,350
933,cV,Wf,1053.500,STA644+28.500,1.000,200,250,8,4.000,350
934,cV,Wf,1054.500,STA644+27.500,1.000,200,250,8,4.000,350
935,CU|P,Wf,1055.700,STA644+26.300,1.200,125,100,14,3.000,300
936,CU|Q,Wf,1056.900,STA644+25.100,1.200,125,100,14,3.000,300
937,bU,Wf,1058.100,STA644+23.900,1.200,125,100,14,3.000,300
938,bU,Wf,1059.300,STA644+22.700,1.200,125,100,14,3.000,300
939,bU,Wf,1060.500,STA644+21.500,1.200,125,100,14,3.000,300
940,bU,Wf,1061.700,STA644+20.300,1.200,125,100,14,3.000,300
941,bU,Wf,1062.900,STA644+19.100,1.200,125,100,14,3.000,300
942,bU,Wf,1064.100,STA644+17.900,1.200,125,100,14,3.000,300
943,bU,Wf,1065.300,STA644+16.700,1.200,125,100,14,3.000,300
944,bU,Wf,1066.150,STA644+15.850,0.850,125,100,14,3.000,300
945,bU(fMނj,Wf,1067.000,STA644+15.000,0.850,125,100,14,3.000,370
946,bU(fMނj,Wf,1068.200,STA644+13.800,1.200,125,100,14,3.000,370
947,bU(fMނj,Wf,1069.400,STA644+12.600,1.200,125,100,14,3.000,370
948,bU(fMނj,Wf,1070.600,STA644+11.400,1.200,125,100,14,3.000,370
949,bU(fMނj,Wf,1071.800,STA644+10.200,1.200,125,100,14,3.000,370
950,bU(fMނj,Wf,1073.000,STA644+9.000,1.200,125,100,14,3.000,370
951,bU(fMނj,Wf,1074.200,STA644+7.800,1.200,125,100,14,3.000,370
952,bU(fMނj,Wf,1075.400,STA644+6.600,1.200,125,100,14,3.000,370
953,bU(fMނj,Wf,1076.600,STA644+5.400,1.200,125,100,14,3.000,370
954,bU(fMނj,Wf,1077.800,STA644+4.200,1.200,125,100,14,3.000,370
955,bU(fMނj,Wf,1079.000,STA644+3.000,1.200,125,100,14,3.000,370
956,bU(fMނj,Wf,1080.200,STA644+1.800,1.200,125,100,14,3.000,370
957,bU(fMނj,Wf,1081.400,STA644+0.600,1.200,125,100,14,3.000,370
958,bU(fMނj,Wf,1082.600,STA643+99.400,1.200,125,100,14,3.000,370
959,bU(fMނj,Wf,1083.800,STA643+98.200,1.200,125,100,14,3.000,370
960,bU(fMނj,Wf,1085.000,STA643+97.000,1.200,125,100,14,3.000,370
961,bU(fMނj,Wf,1086.200,STA643+95.800,1.200,125,100,14,3.000,370
962,bU(fMނj,Wf,1087.400,STA643+94.600,1.200,125,100,14,3.000,370
963,bU(fMނj,Wf,1088.600,STA643+93.400,1.200,125,100,14,3.000,370
964,bU(fMނj,Wf,1089.800,STA643+92.200,1.200,125,100,14,3.000,370
965,bU(fMނj,Wf,1091.000,STA643+91.000,1.200,125,100,14,3.000,370
966,bU(fMނj,Wf,1092.200,STA643+89.800,1.200,125,100,14,3.000,370
967,bU(fMނj,Wf,1093.400,STA643+88.600,1.200,125,100,14,3.000,370
968,bU(fMނj,Wf,1094.600,STA643+87.400,1.200,125,100,14,3.000,370
969,bU(fMނj,Wf,1095.800,STA643+86.200,1.200,125,100,14,3.000,370
970,bU(fMނj,Wf,1097.000,STA643+85.000,1.200,125,100,14,3.000,370
971,bU(fMނj,Wf,1098.200,STA643+83.800,1.200,125,100,14,3.000,370
972,bU(fMނj,Wf,1099.400,STA643+82.600,1.200,125,100,14,3.000,370
973,bU(fMނj,Wf,1100.600,STA643+81.400,1.200,125,100,14,3.000,370
974,bU(fMނj,Wf,1101.800,STA643+80.200,1.200,125,100,14,3.000,370
975,bU(fMނj,Wf,1103.000,STA643+79.000,1.200,125,100,14,3.000,370
976,bU(fMނj,Wf,1104.200,STA643+77.800,1.200,125,100,14,3.000,370
977,bU(fMނj,Wf,1105.400,STA643+76.600,1.200,125,100,14,3.000,370
978,bU(fMނj,Wf,1106.600,STA643+75.400,1.200,125,100,14,3.000,370
979,bU(fMނj,Wf,1107.800,STA643+74.200,1.200,125,100,14,3.000,370
980,bU(fMނj,Wf,1109.000,STA643+73.000,1.200,125,100,14,3.000,370
981,bU(fMނj,Wf,1110.200,STA643+71.800,1.200,125,100,14,3.000,370
982,bU(fMނj,Wf,1111.400,STA643+70.600,1.200,125,100,14,3.000,370
983,bU(fMނj,Wf,1112.600,STA643+69.400,1.200,125,100,14,3.000,370
984,bU(fMނj,Wf,1113.800,STA643+68.200,1.200,125,100,14,3.000,370
985,bU(fMނj,Wf,1115.000,STA643+67.000,1.200,125,100,14,3.000,370
986,bU(fMނj,Wf,1116.200,STA643+65.800,1.200,125,100,14,3.000,370
987,bU(fMނj,Wf,1117.400,STA643+64.600,1.200,125,100,14,3.000,370
988,bU(fMނj,Wf,1118.600,STA643+63.400,1.200,125,100,14,3.000,370
989,bU(fMނj,Wf,1119.800,STA643+62.200,1.200,125,100,14,3.000,370
990,bU(fMނj,Wf,1121.000,STA643+61.000,1.200,125,100,14,3.000,370
991,bU(fMނj,Wf,1122.200,STA643+59.800,1.200,125,100,14,3.000,370
992,bU(fMނj,Wf,1123.400,STA643+58.600,1.200,125,100,14,3.000,370
993,bU(fMނj,Wf,1124.600,STA643+57.400,1.200,125,100,14,3.000,370
994,bU(fMނj,Wf,1125.800,STA643+56.200,1.200,125,100,14,3.000,370
995,bU(fMނj,Wf,1127.000,STA643+55.000,1.200,125,100,14,3.000,370
996,bU(fMނj,Wf,1128.200,STA643+53.800,1.200,125,100,14,3.000,370
997,bU(fMނj,Wf,1129.400,STA643+52.600,1.200,125,100,14,3.000,370
998,bU(fMނj,Wf,1130.600,STA643+51.400,1.200,125,100,14,3.000,370
999,bU(fMނj,Wf,1131.800,STA643+50.200,1.200,125,100,14,3.000,370
1000,bU(fMނj,Wf,1133.000,STA643+49.000,1.200,125,100,14,3.000,370
1001,bU(fMނj,Wf,1134.200,STA643+47.800,1.200,125,100,14,3.000,370
1002,bU(fMނj,Wf,1135.400,STA643+46.600,1.200,125,100,14,3.000,370
1003,bU(fMނj,Wf,1136.200,STA643+45.800,0.800,125,100,14,3.000,370
1004,B-2(fMނj,Wf,1137.000,STA643+45.000,0.800,200,250,8,4.000,420
1005,B-2(fMނj,Wf,1138.000,STA643+44.000,1.000,200,250,8,4.000,420
1006,B-2(fMނj,Wf,1139.000,STA643+43.000,1.000,200,250,8,4.000,420
1007,B-2(fMނj,Wf,1140.000,STA643+42.000,1.000,200,250,8,4.000,420
1008,B-2(fMނj,Wf,1141.000,STA643+41.000,1.000,200,250,8,4.000,420
1009,B-2(fMނj,Wf,1142.000,STA643+40.000,1.000,200,250,8,4.000,420
1010,B-2(fMނj,Wf,1143.000,STA643+39.000,1.000,200,250,8,4.000,420
1011,B-2(fMނj,Wf,1144.000,STA643+38.000,1.000,200,250,8,4.000,420
1012,B-2(fMނj,Wf,1145.000,STA643+37.000,1.000,200,250,8,4.000,420
1013,B-2(fMނj,Wf,1146.000,STA643+36.000,1.000,200,250,8,4.000,420
1014,B-2(fMނj,Wf,1147.000,STA643+35.000,1.000,200,250,8,4.000,420
1015,B-2(fMނj,Wf,1148.000,STA643+34.000,1.000,200,250,8,4.000,420
1016,B-2(fMނj,Wf,1149.000,STA643+33.000,1.000,200,250,8,4.000,420
1017,B-2(fMނj,Wf,1150.000,STA643+32.000,1.000,200,250,8,4.000,420
1018,B-2(fMނj,Wf,1151.000,STA643+31.000,1.000,200,250,8,4.000,420
1019,B-2(fMނj,Wf,1152.000,STA643+30.000,1.000,200,250,8,4.000,420
1020,B-2(fMނj,Wf,1153.000,STA643+29.000,1.000,200,250,8,4.000,420
1021,B-2(fMނj,Wf,1154.000,STA643+28.000,1.000,200,250,8,4.000,420
1022,B-2(fMނj,Wf,1155.000,STA643+27.000,1.000,200,250,8,4.000,420
1023,B-2(fMނj,Wf,1156.000,STA643+26.000,1.000,200,250,8,4.000,420
1024,B-3(fMނj,Wf,1157.000,STA643+25.000,1.000,200,250,8,4.000,420
1025,Bqb(fMނ),Wf,1158.000,STA643+24.000,1.000,200,250,8,4.000,670
1026,Bqb(fMނ),Wf,1158.650,STA643+23.350,0.650,200,250,8,4.000,670
1027,Bqb(fMނ),Wf,1159.300,STA643+22.700,0.650,200,250,8,4.000,670
1028,Bqb(fMނ),Wf,1160.300,STA643+21.700,1.000,200,250,8,4.000,670
1029,Bqb(fMނ),Wf,1161.300,STA643+20.700,1.000,200,250,8,4.000,670
1030,Bqb(fMނ),Wf,1162.300,STA643+19.700,1.000,200,250,8,4.000,670
1031,Bqb(fMނ),Wf,1163.300,STA643+18.700,1.000,200,250,8,4.000,670
1032,Bqb(fMނ),Wf,1164.300,STA643+17.700,1.000,200,250,8,4.000,670
1033,Bqb(fMނ),Wf,1165.300,STA643+16.700,1.000,200,250,8,4.000,670
1034,Bqb(fMނ),Wf,1166.300,STA643+15.700,1.000,200,250,8,4.000,670
1035,Bqb(fMނ),Wf,1167.000,STA643+15.000,0.700,200,250,8,4.000,670
